,City,Lat,Lon,Max Temp,Humidity,Cloudiness,Wind Speed,Country,Date
0,Rikitea,-23.1203,-134.9692,69.04,57,77,20.09,PF,1627939125
1,Puerto Ayora,-0.7393,-90.3518,78.76,82,72,11.95,EC,1627939282
2,Uvat,59.1433,68.8953,57.27,90,71,6.02,RU,1627939387
3,Ust'-Omchug,61.15,149.6333,41.61,63,9,7.27,RU,1627939387
4,Port Alfred,-33.5906,26.891,58.3,80,46,20.62,ZA,1627939264
5,Chui,-33.6971,-53.4616,51.37,93,25,6.06,UY,1627939388
6,Harper,4.375,-7.7169,76.15,77,12,6.96,LR,1627939388
7,Riyadh,24.6877,46.7219,91.54,9,21,11.01,SA,1627939152
8,Lodja,-3.4833,23.4333,74.68,37,97,0.45,CD,1627939226
9,Makakilo City,21.3469,-158.0858,82.72,52,20,13.8,US,1627939299
10,Dikson,73.5069,80.5464,50.4,78,94,10.83,RU,1627939291
11,Sibolga,1.7427,98.7792,76.15,84,99,3.06,ID,1627939390
12,Ushuaia,-54.8,-68.3,42.46,61,75,3.44,AR,1627939196
13,Poso,-1.3959,120.7524,76.17,88,93,5.23,ID,1627939390
14,Kapaa,22.0752,-159.319,84.52,77,20,7.0,US,1627939159
15,Mar del Plata,-38.0023,-57.5575,56.08,59,0,5.01,AR,1627939102
16,Palmer,42.1584,-72.3287,79.97,48,20,4.0,US,1627939215
17,Hilo,19.7297,-155.09,80.33,75,90,5.75,US,1627939217
18,Atuona,-9.8,-139.0333,77.58,76,28,18.19,PF,1627939134
19,Pangnirtung,66.1451,-65.7125,48.2,93,75,14.97,CA,1627939360
20,Inírida,3.8653,-67.9239,74.59,93,96,2.21,CO,1627939392
21,Khatanga,71.9667,102.5,62.94,64,74,9.95,RU,1627939338
22,Alofi,-19.0595,-169.9187,76.89,73,40,11.5,NU,1627939196
23,Mataura,-46.1927,168.8643,43.48,97,100,2.42,NZ,1627939289
24,Baykit,61.67,96.37,59.61,76,100,3.76,RU,1627939156
25,Talnakh,69.4865,88.3972,65.1,54,100,4.41,RU,1627939313
26,Qaanaaq,77.484,-69.3632,45.28,66,100,4.38,GL,1627939285
27,Qui Nhon,13.7667,109.2333,84.56,67,100,13.69,VN,1627939394
28,Cape Town,-33.9258,18.4232,57.11,92,0,2.3,ZA,1627939225
29,San Juan,-31.5375,-68.5364,71.87,16,0,5.99,AR,1627939394
30,Nelson,-41.2833,173.2833,50.29,94,100,1.99,NZ,1627939395
31,Comarapa,-17.9,-64.4833,59.27,54,68,6.51,BO,1627939395
32,Bredasdorp,-34.5322,20.0403,57.27,93,20,3.44,ZA,1627939066
33,Saint George,37.1041,-113.5841,103.24,22,1,4.0,US,1627939288
34,Port Elizabeth,-33.918,25.5701,57.49,82,75,12.66,ZA,1627939122
35,Kamaishi,39.2667,141.8833,76.44,95,98,9.26,JP,1627939205
36,Mahē,11.7,75.5333,76.55,84,81,2.37,IN,1627939396
37,Turan,16.0678,108.2208,87.85,55,40,3.44,VN,1627939277
38,Caravelas,-17.7125,-39.2481,67.68,70,67,5.44,BR,1627939286
39,Kharan,28.5833,65.4167,88.77,10,59,4.43,PK,1627939167
40,Saint-Philippe,-21.3585,55.7679,66.22,68,15,1.92,RE,1627939151
41,Alice Springs,-23.7,133.8833,40.55,48,0,4.61,AU,1627939144
42,Albany,42.6001,-73.9662,78.85,49,16,3.0,US,1627939148
43,Lata,40.1629,-8.3327,68.04,85,18,3.49,PT,1627939398
44,Grindavik,63.8424,-22.4338,53.91,87,75,10.36,IS,1627939240
45,Villa Carlos Paz,-31.4241,-64.4978,66.25,31,0,7.0,AR,1627939215
46,Barrow,71.2906,-156.7887,44.62,81,90,20.71,US,1627939136
47,Biggar,55.6167,-3.5167,55.72,91,66,1.21,GB,1627939399
48,Ribeira Grande,38.5167,-28.7,73.36,92,44,7.87,PT,1627939275
49,St. Pete Beach,27.7253,-82.7412,92.07,70,20,1.99,US,1627939392
50,Castro,-24.7911,-50.0119,53.31,81,0,2.8,BR,1627939296
51,Hermanus,-34.4187,19.2345,57.79,90,3,10.0,ZA,1627939311
52,Barreiras,-12.1528,-44.99,77.56,30,70,5.7,BR,1627939308
53,Flin Flon,54.7682,-101.865,89.44,25,20,5.75,CA,1627939283
54,Cerrito,6.8432,-72.694,56.59,90,100,3.96,CO,1627939400
55,Northam,51.0333,-4.2167,58.3,91,34,7.83,GB,1627939401
56,Yasnyy,51.0333,59.8742,73.53,41,7,8.77,RU,1627939401
57,Nanortalik,60.1432,-45.2371,45.95,88,95,1.95,GL,1627939402
58,Airai,-8.9266,125.4092,55.51,79,62,3.42,TL,1627939376
59,San Cristobal,7.7669,-72.225,82.58,88,100,6.49,VE,1627939141
60,Longyearbyen,78.2186,15.6401,46.24,76,75,19.57,SJ,1627939166
61,Sinnamary,5.3833,-52.95,79.83,83,54,8.28,GF,1627939402
62,Province of Mantua,45.1667,10.7833,70.75,84,58,3.0,IT,1627939403
63,Ilulissat,69.2167,-51.1,60.82,39,75,9.22,GL,1627939174
64,Vaini,-21.2,-175.2,73.56,73,40,12.66,TO,1627939310
65,Olafsvik,64.8945,-23.7142,53.31,81,100,4.18,IS,1627939237
66,Qaqortoq,60.7167,-46.0333,54.1,92,92,7.2,GL,1627939310
67,Vila do Maio,15.1333,-23.2167,79.59,78,65,6.91,CV,1627939404
68,Bluff,-46.6,168.3333,43.81,69,100,10.16,NZ,1627939225
69,Tadine,-21.55,167.8833,68.85,65,7,7.99,NC,1627939404
70,Tiksi,71.6872,128.8694,49.6,65,94,4.23,RU,1627939243
71,Punta Arenas,-53.15,-70.9167,41.02,81,40,29.93,CL,1627939204
72,Torbay,47.6666,-52.7314,68.76,66,90,8.05,CA,1627939200
73,Broken Hill,-31.95,141.4333,42.26,87,6,14.5,AU,1627939405
74,Anlu,31.1661,112.5831,78.17,92,6,7.14,CN,1627939406
75,Adamovka,51.5223,59.9396,72.72,42,26,7.67,RU,1627939406
76,Dingle,10.9995,122.6711,79.0,85,100,9.89,PH,1627939158
77,Busselton,-33.65,115.3333,54.1,76,100,7.31,AU,1627939278
78,Moranbah,-22.0016,148.0466,55.89,55,2,2.46,AU,1627939407
79,Port-Gentil,-0.7193,8.7815,75.16,83,20,4.61,GA,1627939407
80,New Norfolk,-42.7826,147.0587,42.91,81,100,2.46,AU,1627939279
81,Tulagi,-9.0996,160.1476,79.9,76,26,19.73,SB,1627939408
82,Copiapó,-27.3667,-70.3333,55.09,38,0,5.95,CL,1627939220
83,Broome,42.2506,-75.833,75.18,51,1,4.0,US,1627939187
84,Antofagasta,-23.65,-70.4,58.28,67,1,4.27,CL,1627939321
85,Bilibino,68.0546,166.4372,36.36,76,100,14.52,RU,1627939409
86,Tual,-5.6667,132.75,81.21,74,95,18.37,ID,1627939261
87,Cidreira,-30.1811,-50.2056,55.02,81,0,5.93,BR,1627939410
88,George Town,5.4112,100.3354,81.9,88,20,3.44,MY,1627939316
89,Butaritari,3.0707,172.7902,82.76,71,29,5.37,KI,1627939132
90,Marawi,7.9986,124.2928,68.65,88,97,6.35,PH,1627939247
91,Vila Velha,-20.3297,-40.2925,73.96,77,0,1.14,BR,1627939003
92,Berlevåg,70.8578,29.0864,48.15,76,0,0.0,NO,1627939368
93,Bereda,43.2686,-7.5406,60.55,95,7,3.38,ES,1627939219
94,Vardø,70.3705,31.1107,47.95,87,0,4.61,NO,1627939195
95,Beloha,-25.1667,45.05,63.32,82,0,4.47,MG,1627939219
96,Thompson,55.7435,-97.8558,77.16,47,20,5.75,CA,1627939281
97,Gizo Government Station,-8.103,156.8419,79.99,82,86,13.02,SB,1627939329
98,Coahuayana Viejo,18.7333,-103.6833,92.68,61,99,7.29,MX,1627939338
99,Cabo San Lucas,22.8909,-109.9124,101.8,49,75,17.27,MX,1627939412
100,Ancud,-41.8697,-73.8203,54.93,97,100,4.05,CL,1627939188
101,Ismailia,30.6043,32.2723,80.71,55,0,5.82,EG,1627939413
102,Balabac,7.9868,117.0645,84.0,78,100,17.22,PH,1627939413
103,Saint Paul Harbor,57.79,-152.4072,54.91,82,90,6.91,US,1627939294
104,Avera,33.194,-82.5271,93.9,35,14,4.32,US,1627939414
105,Codrington,-38.2667,141.9667,42.03,94,100,9.19,AU,1627939295
106,Bathsheba,13.2167,-59.5167,84.81,74,20,9.22,BB,1627939414
107,Upernavik,72.7868,-56.1549,46.98,67,14,1.88,GL,1627939289
108,Hobart,-42.8794,147.3294,43.27,88,75,6.91,AU,1627939062
109,Roebourne,-20.7833,117.1333,59.72,26,7,17.22,AU,1627939415
110,Uusikaupunki,60.8004,21.4084,57.72,87,97,10.11,FI,1627939415
111,Laas,46.6166,10.7002,60.71,91,51,3.11,IT,1627939416
112,Bengkulu,-3.8004,102.2655,75.13,89,50,3.56,ID,1627939416
113,Pahrump,36.2083,-115.9839,102.61,14,1,3.0,US,1627939417
114,Provideniya,64.3833,-173.3,51.91,82,90,13.42,RU,1627939417
115,Abonnema,4.7084,6.7931,77.23,86,100,6.64,NG,1627939418
116,Severo-Kuril'sk,50.6789,156.125,50.7,79,96,21.54,RU,1627939307
117,Jamestown,42.097,-79.2353,73.02,47,20,5.01,US,1627939148
118,Constitución,-35.3333,-72.4167,60.12,63,0,10.96,CL,1627939162
119,Chokwé,-24.5333,32.9833,66.72,79,52,9.75,MZ,1627939419
120,Buala,-8.145,159.5921,78.84,84,55,6.64,SB,1627939419
121,Ossora,59.2353,163.0719,53.58,58,59,12.97,RU,1627939420
122,Boca do Acre,-8.7522,-67.3978,92.93,21,0,4.18,BR,1627939420
123,Kaitangata,-46.2817,169.8464,46.92,64,100,9.64,NZ,1627939130
124,Pangody,65.85,74.4859,60.91,69,99,5.28,RU,1627939420
125,Mirny,62.5353,113.9611,55.0,75,61,4.21,RU,1627939421
126,Abalak,58.1286,68.5944,61.52,74,99,4.81,RU,1627939421
127,Capaci,38.1711,13.2393,84.51,81,0,11.5,IT,1627939422
128,Shigony,53.3875,48.6777,74.61,50,31,3.89,RU,1627939422
129,Guaymas,27.9333,-110.9,99.88,63,40,17.27,MX,1627939423
130,Callosa de Segura,38.125,-0.8782,77.68,75,61,1.01,ES,1627939423
131,Faanui,-16.4833,-151.75,79.45,73,45,16.35,PF,1627939328
132,Marzuq,14.4,46.4667,82.69,53,97,3.44,YE,1627939424
133,Bismarck,46.8083,-100.7837,91.87,28,1,3.0,US,1627939276
134,Ndungu,-4.3667,38.05,65.8,85,49,0.56,TZ,1627939424
135,Manono,-7.3,27.4167,75.2,35,4,5.32,CD,1627939425
136,Hong Kong,22.2855,114.1577,85.32,89,100,1.01,HK,1627939047
137,Shizunai-furukawachō,42.3339,142.3669,73.92,90,100,6.33,JP,1627939425
138,Gonder,12.6,37.4667,56.14,95,97,1.5,ET,1627939426
139,Hamilton,39.1834,-84.5333,79.88,51,40,1.01,US,1627939133
140,Mayor Pablo Lagerenza,-19.9309,-60.7718,79.59,24,1,5.82,PY,1627939426
141,Borogontsy,62.6683,131.1683,63.0,67,95,5.64,RU,1627939239
142,Kirakira,-10.4544,161.9205,75.97,78,98,9.42,SB,1627939277
143,Russell,32.3502,-85.1999,89.2,61,75,10.36,US,1627939328
144,Pevek,69.7008,170.3133,34.09,83,100,21.97,RU,1627939069
145,Misratah,32.3754,15.0925,85.75,56,0,9.75,LY,1627939240
146,San Lazaro,18.0387,-88.6622,89.31,69,92,5.37,BZ,1627939428
147,Saskylakh,71.9167,114.0833,62.38,71,23,5.57,RU,1627939428
148,Tianpeng,30.9866,103.9393,79.27,44,4,3.67,CN,1627939428
149,Fukuechō,32.6881,128.8419,80.85,80,38,14.2,JP,1627939429
150,Sanguéya,10.7,-14.3667,73.85,96,96,3.8,GN,1627939429
151,Ust'-Ilimsk,58.0006,102.6619,56.55,75,100,1.5,RU,1627939429
152,Havre-St-Pierre,50.2334,-63.5986,61.16,77,90,8.05,CA,1627939181
153,Chu,43.5983,73.7614,74.23,27,51,4.9,KZ,1627939430
154,East London,-33.0153,27.9116,59.76,76,79,16.78,ZA,1627939289
155,Moramanga,-18.9333,48.2,54.12,98,41,1.68,MG,1627939431
156,Sechura,-5.5569,-80.8222,76.48,57,9,17.49,PE,1627939431
157,Inta,66.0317,60.1659,54.07,86,35,6.17,RU,1627939266
158,Mahon,39.8885,4.2658,73.96,73,20,6.91,ES,1627939352
159,Fortuna,40.5982,-124.1573,94.48,71,20,1.99,US,1627939432
160,Nhulunbuy,-12.2333,136.7667,70.41,94,40,0.0,AU,1627939432
161,Belyy Yar,53.6039,91.3903,64.29,77,0,2.24,RU,1627939299
162,Barre,44.197,-72.5021,74.39,54,75,11.5,US,1627939433
163,Curup,-3.4667,102.5333,67.41,97,80,1.88,ID,1627939433
164,Mogadishu,2.0371,45.3438,76.06,84,80,17.9,SO,1627939313
165,Bellavista,-7.0561,-76.5911,87.08,53,61,0.92,PE,1627939434
166,Zárate,-34.0981,-59.0286,59.2,54,0,4.27,AR,1627939434
167,São João da Barra,-21.6403,-41.0511,69.89,76,0,11.14,BR,1627939435
168,Taoudenni,22.6783,-3.9836,94.44,32,99,22.03,ML,1627939391
169,Cacheu,12.2706,-16.1658,77.09,92,100,10.13,GW,1627939435
170,Port Blair,11.6667,92.75,81.59,83,99,21.05,IN,1627939177
171,Lebu,-37.6167,-73.65,53.83,74,29,19.89,CL,1627939392
172,Pineville,31.3224,-92.4343,79.25,88,75,0.0,US,1627939236
173,Portland,45.5234,-122.6762,97.2,43,20,1.01,US,1627938914
174,Ambon City,-3.6954,128.1814,75.34,94,40,4.61,ID,1627939249
175,Balyqshy,47.0667,51.8667,78.8,22,0,6.71,KZ,1627939437
176,Comodoro Rivadavia,-45.8667,-67.5,62.46,36,20,19.57,AR,1627939437
177,Valleyview,55.0667,-117.2859,71.64,83,100,4.61,CA,1627939438
178,Princeton,25.5384,-80.4089,86.0,85,75,0.0,US,1627939256
179,Konstantinovo,54.6628,29.2699,56.48,95,96,9.31,BY,1627939438
180,Aktash,50.3,87.7333,44.6,70,0,2.55,RU,1627939438
181,Bethel,41.3712,-73.414,80.73,53,75,10.36,US,1627939420
182,Gamba,-2.65,10.0,73.96,86,70,4.18,GA,1627939286
183,Port Lincoln,-34.7333,135.8667,51.4,61,57,21.81,AU,1627939174
184,Saint-Leu,-21.15,55.2833,65.68,70,1,2.04,RE,1627939439
185,Le Port,-20.9373,55.2919,66.61,72,8,4.54,RE,1627939326
186,Huarmey,-10.0681,-78.1522,69.19,72,3,10.76,PE,1627939178
187,College,64.8569,-147.8028,84.0,48,20,6.91,US,1627939265
188,Mahajanga,-15.7167,46.3167,71.62,83,20,3.44,MG,1627939223
189,Chāpar,26.2667,90.4667,78.71,95,100,3.33,IN,1627939441
190,Cayenne,4.9333,-52.3333,84.24,78,52,1.01,GF,1627939441
191,Quatre Cocos,-20.2078,57.7625,59.11,68,0,2.84,MU,1627939407
192,Kati,12.7441,-8.0726,78.21,85,25,3.71,ML,1627939442
193,Kavieng,-2.5744,150.7967,81.93,79,29,10.8,PG,1627939276
194,Ketchikan,55.3422,-131.6461,64.87,59,90,13.8,US,1627939443
195,Tarauacá,-8.1614,-70.7656,90.61,27,0,4.23,BR,1627939443
196,Makokou,0.5738,12.8642,69.85,95,98,2.62,GA,1627939443
197,Tuktoyaktuk,69.4541,-133.0374,50.0,87,90,9.22,CA,1627939076
198,Deniliquin,-35.5333,144.9667,44.01,97,21,8.66,AU,1627939444
199,Hithadhoo,-0.6,73.0833,81.66,71,100,6.38,MV,1627939444
200,Yazoo City,32.8551,-90.4056,83.1,93,100,4.32,US,1627939445
201,Cobija,-11.0267,-68.7692,88.92,21,1,4.56,BO,1627939445
202,Tukums,56.9669,23.1553,54.75,91,2,5.39,LV,1627939445
203,Kasongo-Lunda,-6.4667,16.8167,74.05,25,18,1.72,CD,1627939446
204,Socorro,31.6546,-106.3033,93.45,38,75,6.91,US,1627939446
205,San Jerónimo,-11.9472,-75.2829,58.96,45,35,7.78,PE,1627939447
206,Amurzet,47.6967,131.0981,71.11,84,38,5.1,RU,1627939447
207,Baruun-Urt,46.6806,113.2792,61.9,52,93,4.5,MN,1627939447
208,Mahébourg,-20.4081,57.7,59.29,88,20,8.05,MU,1627939316
209,La Reforma,25.0833,-108.05,99.75,62,26,12.21,MX,1627939448
210,Aklavik,68.2191,-135.0107,64.4,77,90,6.91,CA,1627939257
211,Oranjestad,12.524,-70.027,85.95,70,20,26.46,AW,1627939449
212,Bambous Virieux,-20.3428,57.7575,59.25,88,20,8.05,MU,1627939449
213,Shubarshi,48.5872,57.1869,83.48,28,19,8.52,KZ,1627939449
214,Bani Walid,31.7566,13.9942,83.48,33,0,8.5,LY,1627939271
215,Xining,36.6167,101.7667,57.42,94,100,2.19,CN,1627939450
216,Norman Wells,65.282,-126.8329,82.44,39,1,5.75,CA,1627939230
217,Xichang,27.8964,102.2634,63.01,73,24,2.19,CN,1627939451
218,Henties Bay,-22.116,14.2845,65.86,61,0,1.68,NA,1627939248
219,Koslan,63.4564,48.8989,55.38,95,33,3.04,RU,1627939451
220,Ca Mau,9.1769,105.15,77.59,90,96,5.59,VN,1627939451
221,Katsuura,35.1333,140.3,81.19,87,38,9.93,JP,1627939296
222,Kalemie,-5.9475,29.1947,70.56,57,0,1.72,CD,1627939452
223,General Roca,-39.0333,-67.5833,66.6,21,66,9.71,AR,1627939452
224,Belo Oriente,-19.22,-42.4836,65.73,58,11,3.24,BR,1627939453
225,Bakchar,57.0186,82.0711,56.03,95,100,3.36,RU,1627939453
226,Grand Gaube,-20.0064,57.6608,59.4,61,0,3.58,MU,1627939454
227,Beyneu,45.3167,55.2,89.19,15,0,4.65,KZ,1627939325
228,Alta Floresta,-9.8756,-56.0861,93.33,22,42,6.98,BR,1627939338
229,Ponta do Sol,32.6667,-17.1,74.01,75,10,7.4,PT,1627939099
230,Kloulklubed,7.0419,134.2556,84.02,76,74,13.73,PW,1627939341
231,Novikovo,51.1537,37.8879,67.32,85,54,6.62,RU,1627939455
232,Oktyabr'skiy,54.4815,53.471,69.91,46,86,3.56,RU,1627939455
233,Arraial do Cabo,-22.9661,-42.0278,73.36,77,0,11.5,BR,1627939260
234,Chapais,49.7834,-74.8492,64.18,51,100,10.74,CA,1627939455
235,Bedong,5.7274,100.5088,81.91,90,99,2.35,MY,1627939456
236,Richards Bay,-28.783,32.0377,64.31,83,93,3.94,ZA,1627939456
237,Beringovskiy,63.05,179.3167,44.87,95,100,11.68,RU,1627939288
238,Amuntai,-2.4177,115.2494,73.58,97,100,1.54,ID,1627939457
239,Hof,50.3167,11.9167,56.62,88,58,3.0,DE,1627939457
240,Saldanha,-33.0117,17.9442,55.45,74,0,6.15,ZA,1627939184
241,Avarua,-21.2078,-159.775,77.05,88,90,9.22,CK,1627939458
242,Port Hardy,50.6996,-127.4199,64.58,68,75,5.75,CA,1627939458
243,Niquelândia,-14.4739,-48.4597,79.39,27,86,6.62,BR,1627939458
244,Aasiaat,68.7098,-52.8699,41.9,89,16,16.24,GL,1627939459
245,Motygino,58.1831,94.7592,51.73,95,12,2.13,RU,1627939459
246,Camocim,-2.9022,-40.8411,78.73,70,22,8.01,BR,1627939460
247,Souillac,-20.5167,57.5167,59.38,88,20,8.05,MU,1627939280
248,Tasiilaq,65.6145,-37.6368,46.56,83,100,2.8,GL,1627939287
249,Maragogi,-9.0122,-35.2225,73.35,87,27,12.08,BR,1627939461
250,Kargasok,59.0556,80.8572,53.83,91,100,0.49,RU,1627939461
251,Geraldton,-28.7667,114.6,43.21,93,2,10.36,AU,1627939461
252,Yeniseysk,58.4497,92.1703,51.75,97,9,3.31,RU,1627939462
253,Liberty,31.8335,-81.5004,91.72,83,40,6.91,US,1627939170
254,Puerto El Triunfo,13.2833,-88.55,94.12,63,100,10.09,SV,1627939462
255,Gao,16.6362,1.637,86.68,48,97,14.83,ML,1627939463
256,Clyde River,70.4692,-68.5914,43.03,81,20,9.22,CA,1627939321
257,Dumpay,15.8807,120.389,77.23,93,100,1.72,PH,1627939463
258,Gimli,50.6336,-96.9907,89.44,73,10,5.75,CA,1627939282
259,Buraidah,26.326,43.975,86.45,9,7,2.28,SA,1627939338
260,Melo,-32.3667,-54.1833,52.88,85,10,5.82,UY,1627939464
261,Luanda,-8.8368,13.2343,73.4,88,0,10.36,AO,1627939464
262,Esterhazy,50.65,-102.0843,86.85,14,97,7.07,CA,1627939465
263,Saharsa,25.8833,86.6,79.61,91,83,5.03,IN,1627939465
264,Mahibadhoo,3.7833,72.9667,82.35,72,98,4.81,MV,1627939465
265,San Mateo Ixtatán,15.8319,-91.4781,71.15,61,99,5.99,GT,1627939466
266,Moose Factory,51.2585,-80.6094,73.4,64,75,9.22,CA,1627939466
267,Chegdomyn,51.1167,133.0167,66.06,99,100,0.72,RU,1627939467
268,Opuwo,-18.0607,13.84,63.46,31,0,3.09,NA,1627939278
269,Pajapan,18.25,-94.7,87.96,62,14,8.01,MX,1627939467
270,Narsaq,60.9167,-46.05,53.82,81,93,5.08,GL,1627939266
271,Ubari,26.5921,12.7805,91.54,9,0,6.73,LY,1627939445
272,Sun Prairie,43.1836,-89.2137,78.33,48,75,0.0,US,1627939169
273,Oyama,36.3,139.8,84.58,91,100,3.22,JP,1627939468
274,Yellowknife,62.456,-114.3525,90.12,25,75,9.22,CA,1627939468
275,Fairbanks,64.8378,-147.7164,84.02,47,1,1.01,US,1627939350
276,Shelburne,44.0787,-80.2041,74.75,31,50,10.25,CA,1627939469
277,Omsukchan,62.5333,155.8,34.75,95,98,6.82,RU,1627939469
278,Djibouti,11.5,42.5,78.22,52,98,1.52,DJ,1627939470
279,Kota Belud,6.351,116.4305,76.86,75,100,6.96,MY,1627939278
280,Leningradskiy,69.3833,178.4167,32.85,99,100,11.12,RU,1627939202
281,São Filipe,14.8961,-24.4956,76.6,82,33,5.44,CV,1627939126
282,Oranjemund,-28.55,16.4333,61.09,53,0,1.39,NA,1627939284
283,Hauterive,46.0901,3.4459,66.96,78,73,3.38,FR,1627939471
284,Yulara,-25.2406,130.9889,35.44,69,0,6.91,AU,1627939196
285,Sanjwal,33.7608,72.4336,85.95,62,85,4.09,PK,1627939471
286,Samarai,-10.6167,150.6667,78.8,79,75,13.0,PG,1627939391
287,Havelock,34.8791,-76.9013,84.43,87,96,7.36,US,1627939144
288,Anadyr,64.75,177.4833,41.5,93,90,24.0,RU,1627939472
289,Magdagachi,53.45,125.8,55.26,91,96,4.29,RU,1627939473
290,Haines Junction,60.7522,-137.5108,73.35,43,92,1.14,CA,1627939407
291,Departamento de Maldonado,-34.6667,-54.9167,47.23,88,30,4.79,UY,1627939347
292,Hofn,64.2539,-15.2082,53.64,86,88,9.15,IS,1627939346
293,Muscat,23.6139,58.5922,89.62,64,24,2.17,OM,1627939473
294,Lieksa,63.3167,30.0167,58.41,89,100,5.77,FI,1627939474
295,Carnarvon,-24.8667,113.6333,46.47,46,0,11.5,AU,1627939174
296,Kiunga,-6.1219,141.2906,69.13,95,81,2.66,PG,1627939474
297,Itaituba,-4.2761,-55.9836,80.76,89,40,5.75,BR,1627939327
298,Birjand,32.8663,59.2211,70.27,17,0,9.22,IR,1627939475
299,Santa Isabel Rio Negro,-0.4139,-65.0192,82.63,62,62,1.81,BR,1627939224
300,Lagoa,39.05,-27.9833,72.34,90,3,5.23,PT,1627939249
301,Seoul,37.5683,126.9778,76.51,100,0,4.61,KR,1627939166
302,Jadu,31.953,12.0261,88.84,16,5,16.69,LY,1627939476
303,Kaeo,-35.1,173.7833,56.32,78,21,18.05,NZ,1627939476
304,Pisco,-13.7,-76.2167,65.01,77,0,10.36,PE,1627939477
305,Encruzilhada do Sul,-30.5439,-52.5219,49.26,78,0,4.34,BR,1627939477
306,Salalah,17.0151,54.0924,78.89,89,90,5.75,OM,1627939280
307,Fomboni,-12.28,43.7425,76.39,72,0,11.07,KM,1627939245
308,Margate,51.3813,1.3862,62.04,73,100,1.01,GB,1627939478
309,Touros,-5.1989,-35.4608,76.1,78,31,17.4,BR,1627939478
310,São Miguel do Araguaia,-13.275,-50.1628,85.24,23,41,5.68,BR,1627939478
311,Merauke,-8.4667,140.3333,72.63,83,74,11.07,ID,1627939479
312,Mount Isa,-20.7333,139.5,64.17,34,75,17.27,AU,1627939287
313,Shādegān,30.6497,48.6647,94.91,12,0,7.11,IR,1627939479
314,Nikolskoye,59.7035,30.7861,63.39,99,100,5.32,RU,1627939167
315,Coyhaique,-45.5752,-72.0662,48.81,49,20,0.0,CL,1627939480
316,Rodolfo Sánchez Taboada,31.7167,-116.5667,76.1,75,16,3.0,MX,1627939480
317,Tsabong,-26.0217,22.401,53.89,27,0,2.19,BW,1627939481
318,Ahipara,-35.1667,173.1667,54.01,82,2,27.27,NZ,1627939388
319,Darhan,49.4867,105.9228,59.07,94,100,7.25,MN,1627939305
320,Oussouye,12.485,-16.5469,77.18,91,100,11.99,SN,1627939482
321,Suntar,62.1444,117.6319,56.68,91,38,1.97,RU,1627939482
322,Pacific Grove,36.6177,-121.9166,88.63,70,1,7.0,US,1627939244
323,Benton Harbor,42.1167,-86.4542,78.49,57,1,6.91,US,1627939483
324,Kieta,-6.2167,155.6333,79.2,85,35,3.67,PG,1627939483
325,Sawtell,-30.3833,153.1,63.19,96,75,16.11,AU,1627939483
326,Kruisfontein,-34.0033,24.7314,49.89,94,0,5.86,ZA,1627939484
327,Yar-Sale,66.8333,70.8333,55.11,94,100,6.31,RU,1627939485
328,Uarini,-2.99,-65.1083,87.75,49,83,2.1,BR,1627939485
329,Bandarbeyla,9.4942,50.8122,77.31,81,5,31.52,SO,1627939236
330,Yeppoon,-23.1333,150.7333,51.58,89,1,5.68,AU,1627939367
331,Markova,48.6758,24.4138,55.42,93,12,3.65,UA,1627939486
332,Wah,33.798,72.6957,85.01,64,91,2.24,PK,1627939486
333,Banda Aceh,5.5577,95.3222,79.21,78,95,13.2,ID,1627939318
334,Concepción del Oro,24.6333,-101.4167,74.05,37,100,2.33,MX,1627939487
335,Vila Franca do Campo,37.7167,-25.4333,70.21,78,0,7.14,PT,1627939487
336,Balezino,57.9796,53.0106,64.47,90,100,1.3,RU,1627939487
337,Chokurdakh,70.6333,147.9167,45.34,57,51,7.81,RU,1627939319
338,Mandera,3.9366,41.867,79.02,55,63,19.57,KE,1627939488
339,Rocha,-34.4833,-54.3333,48.94,88,34,3.67,UY,1627939488
340,Te Anau,-45.4167,167.7167,38.39,93,50,1.54,NZ,1627939306
341,San Patricio,28.017,-97.5169,97.52,35,23,7.16,US,1627939285
342,Paamiut,61.994,-49.6678,45.23,89,100,4.34,GL,1627939276
343,Necochea,-38.5473,-58.7368,58.03,58,17,12.17,AR,1627939336
344,Champerico,14.3,-91.9167,93.74,69,85,8.72,GT,1627939366
345,Nadvoitsy,63.8667,34.3167,57.7,84,100,6.49,RU,1627939490
346,Sitka,57.0531,-135.33,62.49,72,90,10.36,US,1627939290
347,Nabire,-3.3667,135.4833,75.15,92,96,3.11,ID,1627939490
348,Tautira,-17.7333,-149.15,82.42,75,100,15.64,PF,1627939298
349,Guatire,10.4762,-66.5427,83.7,89,21,3.02,VE,1627939273
350,Cap Malheureux,-19.9842,57.6142,59.49,61,0,3.76,MU,1627939491
351,Coquimbo,-29.9533,-71.3436,58.73,72,0,9.22,CL,1627939220
352,Katghora,22.5,82.55,74.97,90,98,3.76,IN,1627939492
353,Bāfq,31.6128,55.4107,87.46,13,58,6.11,IR,1627939492
354,Thinadhoo,0.5333,72.9333,81.18,72,100,2.89,MV,1627939281
355,Sørland,67.667,12.6934,46.47,72,100,11.25,NO,1627939493
356,San Quintín,30.4833,-115.95,79.11,56,2,14.54,MX,1627939493
357,San-Pédro,4.7485,-6.6363,74.91,86,5,5.91,CI,1627939493
358,Saint-Raymond,45.467,-73.6095,77.68,40,75,4.61,CA,1627939494
359,Kathmandu,27.7167,85.3167,71.82,100,75,2.3,NP,1627939354
360,Benjamín Hill,30.1667,-111.1,103.17,27,3,8.12,MX,1627939494
361,Del Rio,29.3627,-100.8968,89.24,66,20,8.05,US,1627939324
362,Kismayo,-0.3582,42.5454,75.61,83,100,17.65,SO,1627939495
363,Aleksandrov Gay,50.147,48.5704,83.84,32,15,5.68,RU,1627939495
364,Zabaykal'sk,49.6333,117.3167,59.68,73,99,5.68,RU,1627939496
365,Adré,13.4667,22.2,77.0,77,93,7.65,TD,1627939439
366,Amapá,1.0,-52.0,78.04,75,61,3.58,BR,1627939497
367,Barra de Tecoanapa,16.5167,-98.75,87.58,63,49,10.04,MX,1627939497
368,Myitkyina,25.3833,97.4,74.39,99,32,0.4,MM,1627939243
369,Sur,22.5667,59.5289,87.04,61,66,12.88,OM,1627939384
370,Knysna,-34.0363,23.0471,57.58,82,5,4.09,ZA,1627939498
371,Baiyin,36.5583,104.2081,63.48,70,99,13.82,CN,1627939498
372,Mhlume,-26.0333,31.85,63.86,94,7,2.59,SZ,1627939499
373,Faya,18.3851,42.4509,66.31,67,100,10.0,SA,1627939364
374,Autazes,-3.5797,-59.1306,87.67,49,73,2.66,BR,1627939499
375,Guerrero Negro,27.9769,-114.0611,85.19,45,14,11.88,MX,1627939293
376,Berbera,10.4396,45.0143,87.62,50,19,19.91,SO,1627939500
377,Laguna,38.421,-121.4238,99.43,22,1,4.0,US,1627939500
378,Vanimo,-2.6741,141.3028,77.86,88,98,5.46,PG,1627939501
379,Shingū,33.7333,135.9833,79.92,81,100,3.76,JP,1627939501
380,Lompoc,34.6391,-120.4579,94.69,65,1,14.97,US,1627939277
381,Mackay,-21.15,149.2,63.68,100,75,4.61,AU,1627939502
382,Saint-Augustin,51.226,-58.6502,62.8,76,94,15.88,CA,1627939236
383,Esperance,-33.8667,121.9,51.98,83,100,10.63,AU,1627939384
384,Ryōtsu-minato,38.0833,138.4333,84.16,80,88,3.49,JP,1627939502
385,Boma,7.0805,-2.1697,71.62,93,85,1.14,GH,1627939503
386,Cherskiy,68.75,161.3,40.01,66,98,15.77,RU,1627939284
387,Ostrovnoy,68.0531,39.5131,53.65,93,65,6.53,RU,1627939504
388,Kavaratti,10.5669,72.642,82.15,74,90,14.54,IN,1627939505
389,Ipixuna,-1.7625,-48.8043,87.75,67,92,2.77,BR,1627939505
390,Nasīrābād,26.3,74.7333,74.46,97,100,14.07,IN,1627939505
391,Pitimbu,-7.4706,-34.8086,73.99,84,11,13.69,BR,1627939506
392,Palora,-1.7,-77.9333,67.98,73,78,2.89,EC,1627939506
393,Maceió,-9.6658,-35.7353,72.84,100,75,6.91,BR,1627939440
394,Aripuanã,-9.1667,-60.6333,92.91,25,9,3.09,BR,1627939274
395,Saltillo,25.4167,-101.0,85.42,35,75,13.8,MX,1627939402
396,Sept-Îles,50.2001,-66.3821,66.72,74,75,1.01,CA,1627939507
397,Ludvika,60.1496,15.1878,49.8,89,7,2.82,SE,1627939507
398,Yārāda,17.65,83.2667,84.52,79,40,11.5,IN,1627939508
399,Ixtapa,20.7,-105.2,88.23,70,40,11.5,MX,1627939508
400,Half Moon Bay,37.4636,-122.4286,90.59,60,20,18.41,US,1627939007
401,Durrës,41.3231,19.4414,77.18,59,9,3.29,AL,1627939331
402,Juegang,32.3174,121.1855,77.65,93,0,9.55,CN,1627939509
403,Seoni,22.0833,79.5333,71.15,91,100,9.08,IN,1627939509
404,Kaitong,44.8135,123.15,63.39,96,100,7.61,CN,1627939510
405,Porto Belo,-27.1578,-48.5531,63.63,85,21,12.35,BR,1627939510
406,Mana,5.6592,-53.7767,78.93,87,60,7.99,GF,1627939511
407,Chatham,51.3789,0.5279,61.09,89,100,1.99,GB,1627939438
408,Luzhany,48.3649,25.7717,64.65,89,7,4.18,UA,1627939511
409,Bubaque,11.2833,-15.8333,79.27,82,98,18.72,GW,1627939383
410,Kisangani,0.5167,25.2,70.75,83,63,2.13,CD,1627939512
411,Erzin,36.9559,36.2,83.12,79,0,1.25,TR,1627939512
412,San Lorenzo,-25.3333,-57.5333,70.74,37,0,8.05,PY,1627939513
413,Zhigansk,66.7697,123.3711,60.12,59,18,9.4,RU,1627939351
414,Kilakarai,9.2333,78.7833,82.42,60,79,15.32,IN,1627939513
415,Hede,33.7681,120.2517,74.28,91,0,5.5,CN,1627939513
416,Shenjiamen,29.9576,122.298,78.76,93,96,10.67,CN,1627939514
417,Mujiayingzi,42.1167,118.7833,62.42,92,70,3.51,CN,1627939514
418,Ginda,30.6945,78.4932,67.1,90,82,2.55,IN,1627939515
419,Zaragoza,41.6561,-0.8773,79.02,45,20,3.0,ES,1627939498
420,Province of Groningen,53.25,6.75,59.04,90,40,3.44,NL,1627939318
421,Douglas,41.3,-96.167,82.0,47,40,3.0,US,1627939516
422,‘Ewa Beach,21.3156,-158.0072,84.15,51,40,25.99,US,1627939070
423,High Level,58.5169,-117.136,87.91,40,40,4.61,CA,1627939221
424,Macas,-2.3167,-78.1167,67.75,94,75,3.44,EC,1627939516
425,Brenham,30.1669,-96.3977,89.08,74,40,3.44,US,1627939517
426,Benguela,-12.5763,13.4055,70.65,84,0,5.53,AO,1627939517
427,Senno,59.5336,33.9167,64.26,96,86,9.8,RU,1627939517
428,Murmashi,68.8154,32.8115,48.61,100,75,2.24,RU,1627939518
429,Carutapera,-1.195,-46.02,75.97,87,61,6.53,BR,1627939518
430,Agadez,19.75,10.25,93.13,12,0,6.02,NE,1627939519
431,Pochutla,15.7432,-96.4661,90.82,58,86,6.73,MX,1627939519
432,Lindsay,36.203,-119.0882,106.79,26,1,12.66,US,1627939520
433,Neiafu,-18.65,-173.9833,75.88,73,40,5.75,TO,1627939520
434,East Wenatchee,47.4157,-120.2931,97.5,15,2,3.67,US,1627939520
435,Fort Nelson,58.8053,-122.7002,74.79,73,40,2.3,CA,1627939393
436,Khovd,48.0056,91.6419,60.15,49,0,2.71,MN,1627939521
437,Maumere,-8.6199,122.2111,78.66,82,83,8.5,ID,1627939521
438,Cam Ranh,11.9214,109.1591,84.16,65,40,10.36,VN,1627939522
439,El Escorial,40.5914,-4.1474,75.36,37,31,3.27,ES,1627939522
440,Port Said,31.2565,32.2841,84.18,70,0,5.75,EG,1627939523
441,Aloleng,16.1307,119.7824,81.88,85,100,21.97,PH,1627939523
442,Camopi,3.1655,-52.3158,78.93,74,91,2.33,GF,1627939379
443,Vostok,46.4856,135.8833,66.85,88,52,1.16,RU,1627939334
444,Kwang Binh,17.4833,106.6,82.83,73,82,10.65,VN,1627939524
445,Meulaboh,4.1363,96.1285,74.93,85,87,4.99,ID,1627939489
446,Panlaitan,12.1191,119.8486,82.78,82,100,19.13,PH,1627939525
447,Adrar,20.5022,-10.0711,97.95,27,3,8.57,MR,1627939320
448,Tilichiki,60.4667,166.1,49.8,50,81,22.44,RU,1627939525
449,Tandur,17.2333,77.5833,73.56,83,92,15.52,IN,1627939526
450,Bājitpur,24.2167,90.95,82.44,93,99,4.68,BD,1627939526
451,Kahului,20.8947,-156.47,85.26,65,40,23.02,US,1627939527
452,Bagua Grande,-5.7561,-78.4411,84.52,51,54,7.11,PE,1627939527
453,Vila,42.0304,-8.1588,57.94,77,16,4.47,PT,1627939527
454,Bogotol,56.2078,89.5342,55.33,93,73,5.01,RU,1627939338
455,Katherine,-14.4667,132.2667,64.72,68,72,3.44,AU,1627939294
456,Varhaug,58.6147,5.6457,54.48,68,65,18.5,NO,1627939528
457,Paita,-5.0892,-81.1144,72.16,75,6,17.49,PE,1627939528
458,Soledade,-28.8183,-52.5103,57.04,73,4,3.42,BR,1627939529
459,Mossamedes,-15.1961,12.1522,69.49,82,85,1.83,AO,1627939194
460,Krasnosel'kup,65.7,82.4667,60.67,85,99,8.5,RU,1627939529
461,Cabedelo,-6.9811,-34.8339,74.07,84,12,14.32,BR,1627939530
462,Forsytheganj,52.6333,29.7333,59.2,89,34,8.93,BY,1627939301
463,Juneau,58.3019,-134.4197,66.85,81,90,11.5,US,1627939530
464,Galle,6.0367,80.217,78.89,86,100,13.35,LK,1627939531
465,Nemuro,43.3236,145.575,68.41,99,99,4.9,JP,1627939531
466,Kutum,14.2,24.6667,75.88,58,44,11.95,SD,1627939532
467,Neijiang,29.5835,105.0622,78.22,82,0,3.38,CN,1627939532
468,Hasaki,35.7333,140.8333,81.0,90,99,10.49,JP,1627939317
469,Ambilobe,-13.2,49.05,67.1,86,10,3.27,MG,1627939399
470,Poum,-20.2333,164.0167,68.02,65,12,9.6,NC,1627939279
471,Tupik,54.4253,119.9327,53.29,94,93,1.28,RU,1627939533
472,Tuatapere,-46.1333,167.6833,43.83,84,99,4.34,NZ,1627939294
473,Pedra Branca,-5.4542,-39.7172,76.35,39,2,2.35,BR,1627939534
474,Ouro Preto do Oeste,-10.7481,-62.2158,92.44,20,16,6.31,BR,1627939500
475,Prachuap Khiri Khan,12.2167,99.75,82.69,76,100,8.57,TH,1627939534
476,Van Buren,35.4368,-94.3483,89.62,53,40,1.99,US,1627939534
477,Olinda,-8.0089,-34.8553,73.13,94,75,6.91,BR,1627939535
478,Saint-Pierre,-21.3393,55.4781,66.29,59,0,5.75,RE,1627939535
479,Manchar,19.0,73.9333,71.28,87,100,16.67,IN,1627939536
480,Omboué,-1.5746,9.2618,75.49,85,98,5.93,GA,1627939536
481,Dalmatovo,56.26,62.9362,65.52,63,100,7.16,RU,1627939536
482,Manaure,11.7751,-72.4445,86.13,66,82,15.68,CO,1627939537
483,Kambove,-10.8764,26.5969,60.6,44,7,3.29,CD,1627939537
484,The Valley,18.217,-63.0578,84.81,74,20,103.57,AI,1627939315
485,Kendari,-3.945,122.4989,72.91,92,12,3.33,ID,1627939363
486,Port Hedland,-20.3167,118.5667,51.85,30,16,8.05,AU,1627939538
487,Fengzhen,40.4394,113.1536,66.47,71,100,4.83,CN,1627939538
488,Palanga,55.9175,21.0686,64.42,72,75,10.36,LT,1627939539
489,Kalmunai,7.4167,81.8167,79.79,67,99,5.17,LK,1627939317
490,Mulegé,26.8833,-111.9833,97.3,43,88,10.71,MX,1627939539
491,Sheltozero,61.3667,35.3667,61.5,88,100,17.67,RU,1627939540
492,Pimenta Bueno,-11.6725,-61.1936,93.15,19,6,4.74,BR,1627939540
493,Gorin,51.1983,136.6669,56.75,89,99,8.19,RU,1627939540
494,Lavrentiya,65.5833,-171.0,44.56,99,100,8.23,RU,1627939250
495,Vieques,18.425,-65.8329,86.23,70,75,4.61,PR,1627939541
496,Kodinsk,58.6881,99.1844,54.05,87,32,0.65,RU,1627939349
497,Egvekinot,66.3167,-179.1667,34.86,88,100,15.1,RU,1627939379
498,Puerto Nariño,-3.7703,-70.3831,89.55,40,29,3.91,CO,1627939428
499,Ongandjera,-17.8833,15.0667,65.16,27,0,9.93,NA,1627939542
500,Torzhok,57.0436,34.9622,61.0,91,97,16.22,RU,1627939542
501,Talovaya,51.1144,40.73,75.61,53,5,7.27,RU,1627939543
502,Kodīnar,20.7903,70.7031,80.94,83,78,21.63,IN,1627939543
503,Birin,26.8865,88.0718,63.93,91,100,3.24,NP,1627939544
504,Namatanai,-3.6667,152.4333,79.21,82,24,6.46,PG,1627939291
505,Calama,-22.4667,-68.9333,68.49,17,40,19.57,CL,1627939342
506,Gueugnon,46.6036,4.0629,62.19,83,92,1.7,FR,1627939545
507,Waipawa,-41.4122,175.5153,49.03,82,100,11.43,NZ,1627939545
508,Skibbereen,51.55,-9.2667,57.0,83,100,4.97,IE,1627939545
509,Kalininsk,51.5,44.4758,78.35,33,53,7.25,RU,1627939546
510,Koppies,-27.2418,27.5742,52.92,21,0,8.12,ZA,1627939546
511,Tura,25.5198,90.2201,74.05,98,99,3.58,IN,1627939265
512,Sun Valley,39.5963,-119.776,96.48,19,20,1.01,US,1627939547
513,Ardahan,41.1087,42.7022,53.49,82,15,2.48,TR,1627939547
514,Kovūr,14.4833,79.9833,87.84,47,100,14.85,IN,1627939547
515,Chalchihuites,23.4833,-103.8833,75.31,35,87,5.5,MX,1627939548
516,Tieling,42.2931,123.8414,65.01,97,36,3.29,CN,1627939548
517,Nome,64.5011,-165.4064,58.15,88,90,18.41,US,1627939286
518,Rio Grande,-32.035,-52.0986,55.51,89,13,7.63,BR,1627939249
519,Tessalit,20.1986,1.0114,92.16,29,46,2.21,ML,1627939299
520,Karratha,-20.7377,116.8463,59.76,25,6,16.87,AU,1627939450
521,Chodavaram,17.8333,82.95,84.04,67,99,3.98,IN,1627939549
522,Masaka,-0.3338,31.7341,62.69,76,17,1.43,UG,1627939550
523,Safi,32.2994,-9.2372,68.77,87,0,15.99,MA,1627939550
524,Strezhevoy,60.7333,77.5889,57.18,92,100,1.5,RU,1627939550
525,Naliya,23.2667,68.8333,81.09,81,99,20.51,IN,1627939551
526,Wanning,18.8003,110.3967,80.33,86,83,10.33,CN,1627939551
527,La Macarena,2.1837,-73.7849,70.9,92,99,4.56,CO,1627939552
528,Isangel,-19.55,169.2667,66.31,88,20,0.0,VU,1627939552
529,San Nicolas,18.1725,120.5953,84.11,89,90,14.97,PH,1627939552
530,Guane,22.2025,-84.0875,89.67,55,83,8.48,CU,1627939553
531,Diok’nisi,41.6293,42.3917,64.09,88,2,4.79,GE,1627939553
532,Hambantota,6.1241,81.1185,78.76,82,100,18.07,LK,1627939355
533,Dauphin,51.1494,-100.0502,86.14,35,1,13.8,CA,1627939487
534,Kirkuk,35.4681,44.3922,92.41,26,0,11.7,IQ,1627939343
535,Belém,-1.4558,-48.5044,87.84,51,40,5.75,BR,1627939554
536,Tromsø,69.6496,18.957,46.42,87,75,3.0,NO,1627939376
537,Manta,-0.95,-80.7333,78.58,69,20,11.5,EC,1627939555
538,Basavana Bāgevādi,16.5833,75.9667,71.24,83,98,16.87,IN,1627939555
539,Chak Jhumra,31.5678,73.1835,92.91,52,42,7.18,PK,1627939555
540,Victoria Falls,-17.9235,25.843,61.18,42,0,2.75,ZW,1627939556
541,Whakatane,-37.9585,176.9854,50.5,99,99,4.0,NZ,1627939556
542,Nikolayevsk-on-Amur,53.1406,140.73,53.92,95,100,5.01,RU,1627939557
543,Huangyan,28.6478,121.2594,79.99,98,97,4.32,CN,1627939557
544,Ballina,-28.8667,153.5667,61.79,89,100,10.09,AU,1627939343
545,Nogliki,51.8333,143.1667,53.91,91,100,12.26,RU,1627939557
546,Kununurra,-15.7667,128.7333,73.38,49,77,5.75,AU,1627939558
547,Podporozh'ye,60.9112,34.1706,59.76,96,100,12.08,RU,1627939558
548,Husavik,66.0449,-17.3389,55.31,85,77,5.32,IS,1627939559
549,Hualmay,-11.0964,-77.6139,67.6,72,8,10.27,PE,1627939559
550,Lüderitz,-26.6481,15.1594,67.08,37,0,2.33,NA,1627939331
551,Keelung,25.1283,121.7419,83.86,91,100,9.78,TW,1627939560
552,Yūbari,43.0378,141.9578,75.33,86,93,3.29,JP,1627939560
553,Bodden Town,19.2833,-81.25,89.6,71,20,1.99,KY,1627939560
554,Xam Nua,20.4197,104.0439,66.45,100,75,3.02,LA,1627939561
555,Bugiri,0.5714,33.7417,63.57,70,12,5.23,UG,1627939561
556,Mikhaylov,54.2292,39.0186,65.48,84,66,17.13,RU,1627939562
557,Urusha,54.05,122.9,52.7,98,79,3.18,RU,1627939562
558,La Ronge,55.1001,-105.2842,86.25,25,75,1.14,CA,1627939563
559,Xinzhou,38.4092,112.7333,68.13,85,100,2.17,CN,1627939327
